ФИ, номер тел.
Львов Егор , +7(950)416027 
Мельников Никита , +7(951)42578 
Спиридонов Виктор , +7(983)949805 
Власов Дмитрий , +7(983)8423840 
Власов Дмитрий , +7(924)144503 
Грачев Мирослав , +7(999)7370814 
Антонова София , +7(963)150681 
Устинова Дарья , +7(983)792727 
Львов Егор , +7(914)7468762 
Власов Дмитрий , +7(914)369816 
Новиков Евгений , +7(950)8138497 
Яковлев Леонид , +7(951)7598579 
Петрова Елизавета , +7(999)745493 
Власов Дмитрий , +7(950)562809 
Гаврилова Александра , +7(924)330906 
Львов Егор , +7(983)8550325 
Нечаев Никита , +7(951)138301 
Волкова Виктория , +7(999)557102 
Булатова Алиса , +7(950)724174 
Мельников Никита , +7(924)481948
